{"sections":{"image_banner":{"type":"image-banner","blocks":{"heading":{"type":"heading","settings":{"heading":"Browse our latest products","heading_size":"h0"}},"button":{"type":"buttons","settings":{"button_label_1":"Shop all","button_link_1":"shopify:\/\/collections\/all","button_style_secondary_1":true,"button_label_2":"","button_link_2":"","button_style_secondary_2":false}}},"block_order":["heading","button"],"settings":{"image":"shopify:\/\/shop_images\/joyful-woman-multicolored-turbans-home-decoration-2023-12-29-01-23-28-utc.png","image_overlay_opacity":40,"image_height":"large","image_behavior":"none","desktop_content_position":"bottom-center","desktop_content_alignment":"center","show_text_box":false,"color_scheme":"scheme-3","stack_images_on_mobile":false,"mobile_content_alignment":"center","show_text_below":false}},"featured_collection":{"type":"featured-collection","settings":{"collection":"all","products_to_show":8,"title":"Featured products","heading_size":"h1","description":"","show_description":false,"description_style":"body","columns_desktop":4,"enable_desktop_slider":false,"full_width":false,"show_view_all":true,"view_all_style":"solid","color_scheme":"scheme-1","image_ratio":"adapt","image_shape":"default","show_secondary_image":true,"show_vendor":false,"show_rating":false,"quick_add":"none","columns_mobile":"2","swipe_on_mobile":false,"padding_top":44,"padding_bottom":36}},"image_with_text_hc8xkd":{"type":"image-with-text","blocks":{"heading_pFifQ4":{"type":"heading","settings":{"heading":"Image with text","heading_size":"h1"}},"text_rGmdbe":{"type":"text","settings":{"text":"<p>Pair text with an image to focus on your chosen product, collection, or blog post. Add details on availability, style, or even provide a review.<\/p>","text_style":"body"}},"button_jnxMUc":{"type":"button","settings":{"button_label":"Button label","button_link":"","button_style_secondary":false}}},"block_order":["heading_pFifQ4","text_rGmdbe","button_jnxMUc"],"settings":{"height":"adapt","desktop_image_width":"medium","layout":"image_first","image_behavior":"none","content_layout":"no-overlap","desktop_content_position":"top","desktop_content_alignment":"left","mobile_content_alignment":"left","section_color_scheme":"","color_scheme":"","padding_top":36,"padding_bottom":36}}},"order":["image_banner","featured_collection","image_with_text_hc8xkd"]}